/Residential-Apartment-Flat-in-Velachery-Chennai South-2-Bedroom-bhk-for-Sale-spid-Y10765227 2 Bedroom, Residential Apartment in Velachery
javascript:void(0); None
javascript:void(0); View Phone Number
/Residential-Apartment-Flat-in-Velachery-Chennai South-1-Bedroom-bhk-for-Sale-spid-L10038779 1 Bedroom, Residential Apartment in Velachery
javascript:void(0); None
javascript:void(0); View Phone Number
/Residential-Apartment-Flat-in-Velachery-Chennai South-2-Bedroom-bhk-for-Sale-spid-R10831945 2 Bedroom, Residential Apartment in Velachery
javascript:void(0); None
javascript:void(0); View Phone Number
/Residential-Apartment-Flat-in-Velachery-Chennai South-2-Bedroom-bhk-for-Sale-spid-B10750123 2 Bedroom, Residential Apartment in Velachery
javascript:void(0); None
javascript:void(0); View Phone Number
/Residential-Apartment-Flat-in-Velachery-Chennai South-2-Bedroom-bhk-for-Sale-spid-R10763559 2 Bedroom, Residential Apartment in Velachery
javascript:void(0); None
javascript:void(0); View Phone Number
/Residential-Apartment-Flat-in-Velachery-Chennai South-2-Bedroom-bhk-for-Sale-spid-J10491571 2 Bedroom, Residential Apartment in Velachery
javascript:void(0); None
javascript:void(0); View Phone Number
/Residential-Apartment-Flat-in-Velachery-Chennai South-2-Bedroom-bhk-for-Sale-spid-W10817049 2 Bedroom, Residential Apartment in Velachery
javascript:void(0); None
javascript:void(0); View Phone Number
/Residential-Land-in-Velachery-Chennai South-for-Sale-spid-W10825007 Residential Land in Velachery
javascript:void(0); None
javascript:void(0); View Phone Number
/Residential-Apartment-Flat-in-Velachery-Chennai South-2-Bedroom-bhk-for-Sale-spid-D10183053 2 Bedroom, Residential Apartment in Velachery
javascript:void(0); None
javascript:void(0); View Phone Number
/Residential-Apartment-Flat-in-Velachery-Chennai South-2-Bedroom-bhk-for-Sale-spid-J10863281 2 Bedroom, Residential Apartment in Velachery
javascript:void(0); None
javascript:void(0); View Phone Number
/Residential-Apartment-Flat-in-Velachery-Chennai South-3-Bedroom-bhk-for-Sale-spid-L10362959 3 Bedroom, Residential Apartment in Velachery
javascript:void(0); None
javascript:void(0); View Phone Number
/Residential-Apartment-Flat-in-Velachery-Chennai South-2-Bedroom-bhk-for-Sale-spid-Y9131419 2 Bedroom, Residential Apartment in Velachery
javascript:void(0); None
javascript:void(0); View Phone Number
/Residential-Apartment-Flat-in-Velachery-Chennai South-2-Bedroom-bhk-for-Sale-spid-Q8972559 2 Bedroom, Residential Apartment in Velachery
javascript:void(0); None
javascript:void(0); View Phone Number
/Residential-Apartment-Flat-in-Velachery-Chennai South-2-Bedroom-bhk-for-Sale-spid-U8704519 2 Bedroom, Residential Apartment in Velachery
javascript:void(0); None
javascript:void(0); View Phone Number
/Residential-Apartment-Flat-in-Velachery-Chennai South-2-Bedroom-bhk-for-Sale-spid-W10747089 2 Bedroom, Residential Apartment in Velachery
javascript:void(0); None
javascript:void(0); View Phone Number
/Residential-Apartment-Flat-in-Velachery-Chennai South-2-Bedroom-bhk-for-Sale-spid-M7803087 2 Bedroom, Residential Apartment in Velachery
javascript:void(0); None
javascript:void(0); View Phone Number
/Residential-Apartment-Flat-in-Velachery-Chennai South-2-Bedroom-bhk-for-Sale-spid-Y10792111 2 Bedroom, Residential Apartment in Velachery
javascript:void(0); None
javascript:void(0); View Phone Number
/Residential-Apartment-Flat-in-Velachery-Chennai South-3-Bedroom-bhk-for-Sale-spid-L10859659 3 Bedroom, Residential Apartment in Velachery
javascript:void(0); None
javascript:void(0); View Phone Number
/Residential-Apartment-Flat-in-Velachery-Chennai South-2-Bedroom-bhk-for-Sale-spid-Y10832067 2 Bedroom, Residential Apartment in Velachery
javascript:void(0); None
javascript:void(0); View Phone Number
/Residential-Apartment-Flat-in-Velachery-Chennai South-2-Bedroom-bhk-for-Sale-spid-C10817223 2 Bedroom, Residential Apartment in Velachery
javascript:void(0); None
javascript:void(0); View Phone Number
/Residential-Apartment-Flat-in-Velachery-Chennai South-3-Bedroom-bhk-for-Sale-spid-F10863077 3 Bedroom, Residential Apartment in Velachery
javascript:void(0); None
javascript:void(0); View Phone Number
/Residential-Apartment-Flat-in-Velachery-Chennai South-2-Bedroom-bhk-for-Sale-spid-I10038849 2 Bedroom, Residential Apartment in Velachery
javascript:void(0); None
javascript:void(0); View Phone Number
/Residential-Apartment-Flat-in-Velachery-Chennai South-3-Bedroom-bhk-for-Sale-spid-Y7803065 3 Bedroom, Residential Apartment in Velachery
javascript:void(0); None
javascript:void(0); View Phone Number
/Residential-Apartment-Flat-in-Velachery-Chennai South-2-Bedroom-bhk-for-Sale-spid-E10747171 2 Bedroom, Residential Apartment in Velachery
javascript:void(0); None
javascript:void(0); View Phone Number
/Residential-Apartment-Flat-in-Velachery-Chennai South-3-Bedroom-bhk-for-Sale-spid-G10865931 3 Bedroom, Residential Apartment in Velachery
javascript:void(0); None
javascript:void(0); View Phone Number
/Residential-Apartment-Flat-in-Velachery-Chennai South-3-Bedroom-bhk-for-Sale-spid-R10817725 3 Bedroom, Residential Apartment in Velachery
javascript:void(0); None
javascript:void(0); View Phone Number
/Residential-Apartment-Flat-in-Velachery-Chennai South-2-Bedroom-bhk-for-Sale-spid-P10864693 2 Bedroom, Residential Apartment in Velachery
javascript:void(0); None
javascript:void(0); View Phone Number
/Residential-Apartment-Flat-in-Velachery-Chennai South-2-Bedroom-bhk-for-Sale-spid-E10038895 2 Bedroom, Residential Apartment in Velachery
javascript:void(0); None
javascript:void(0); View Phone Number
/Residential-Apartment-Flat-in-Velachery-Chennai South-2-Bedroom-bhk-for-Sale-spid-Y10828705 2 Bedroom, Residential Apartment in Velachery
javascript:void(0); None
javascript:void(0); View Phone Number
/Residential-Apartment-Flat-in-Velachery-Chennai South-2-Bedroom-bhk-for-Sale-spid-Y10800103 2 Bedroom, Residential Apartment in Velachery
javascript:void(0); None
javascript:void(0); View Phone Number
/Residential-Apartment-Flat-in-Velachery-Chennai South-2-Bedroom-bhk-for-Sale-spid-R10869651 2 Bedroom, Residential Apartment in Velachery
javascript:void(0); None
javascript:void(0); View Phone Number
/Residential-Land-in-Velachery-Chennai South-for-Sale-spid-N10832893 Residential Land in Velachery
javascript:void(0); None
javascript:void(0); View Phone Number
/Residential-Apartment-Flat-in-Velachery-Chennai South-2-Bedroom-bhk-for-Sale-spid-G10811865 2 Bedroom, Residential Apartment in Velachery
javascript:void(0); None
javascript:void(0); View Phone Number
/Residential-Apartment-Flat-in-Velachery-Chennai South-2-Bedroom-bhk-for-Sale-spid-Q10801243 2 Bedroom, Residential Apartment in Velachery
javascript:void(0); None
javascript:void(0); View Phone Number
/Residential-Apartment-Flat-in-Velachery-Chennai South-2-Bedroom-bhk-for-Sale-spid-V10765271 2 Bedroom, Residential Apartment in Velachery
javascript:void(0); None
javascript:void(0); View Phone Number
/Residential-Apartment-Flat-in-Velachery-Chennai South-4-Bedroom-bhk-for-Sale-spid-T10856923 4 Bedroom, Residential Apartment in Velachery
javascript:void(0); None
javascript:void(0); View Phone Number
/Residential-Apartment-Flat-in-Velachery-Chennai South-2-Bedroom-bhk-for-Sale-spid-F10827189 2 Bedroom, Residential Apartment in Velachery
javascript:void(0); None
javascript:void(0); View Phone Number
/Residential-Apartment-Flat-in-Velachery-Chennai South-3-Bedroom-bhk-for-Sale-spid-G10828295 3 Bedroom, Residential Apartment in Velachery
javascript:void(0); None
javascript:void(0); View Phone Number
/Residential-Apartment-Flat-in-Velachery-Chennai South-1-Bedroom-bhk-for-Sale-spid-V10850757 1 Bedroom, Residential Apartment in Velachery
javascript:void(0); None
javascript:void(0); View Phone Number
/Independent-House/Villa-in-Velachery-Chennai South-4-Bedroom-bhk-for-Sale-spid-P10856817 4 Bedroom, Independent House/Villa in Velachery
javascript:void(0); None
javascript:void(0); View Phone Number
/Residential-Apartment-Flat-in-Velachery-Chennai South-3-Bedroom-bhk-for-Sale-spid-E10861037 3 Bedroom, Residential Apartment in Velachery
javascript:void(0); None
javascript:void(0); View Phone Number
/Residential-Apartment-Flat-in-Velachery-Chennai South-2-Bedroom-bhk-for-Sale-spid-D10828281 2 Bedroom, Residential Apartment in Velachery
javascript:void(0); None
javascript:void(0); View Phone Number
/Residential-Apartment-Flat-in-Velachery-Chennai South-2-Bedroom-bhk-for-Sale-spid-E10833919 2 Bedroom, Residential Apartment in Velachery
javascript:void(0); None
javascript:void(0); View Phone Number
/Residential-Apartment-Flat-in-Velachery-Chennai South-1-Bedroom-bhk-for-Sale-spid-S10827281 1 Bedroom, Residential Apartment in Velachery
javascript:void(0); None
javascript:void(0); View Phone Number
/Residential-Apartment-Flat-in-Velachery-Chennai South-3-Bedroom-bhk-for-Sale-spid-K10833981 3 Bedroom, Residential Apartment in Velachery
javascript:void(0); None
javascript:void(0); View Phone Number
/Residential-Apartment-Flat-in-Velachery-Chennai South-2-Bedroom-bhk-for-Sale-spid-E10833895 2 Bedroom, Residential Apartment in Velachery
javascript:void(0); None
javascript:void(0); View Phone Number
/Residential-Apartment-Flat-in-Velachery-Chennai South-2-Bedroom-bhk-for-Sale-spid-A10833741 2 Bedroom, Residential Apartment in Velachery
javascript:void(0); None
javascript:void(0); View Phone Number
/Residential-Apartment-Flat-in-Velachery-Chennai South-3-Bedroom-bhk-for-Sale-spid-M10772025 3 Bedroom, Residential Apartment in Velachery
javascript:void(0); None
javascript:void(0); View Phone Number
/Residential-Apartment-Flat-in-Velachery-Chennai South-2-Bedroom-bhk-for-Sale-spid-I10745209 2 Bedroom, Residential Apartment in Velachery
javascript:void(0); None
javascript:void(0); View Phone Number
/Residential-Apartment-Flat-in-Velachery-Chennai South-2-Bedroom-bhk-for-Sale-spid-X10363783 2 Bedroom, Residential Apartment in Velachery
javascript:void(0); None
javascript:void(0); View Phone Number
